{
"lengthUnit": "mil",
"remark": ["fly_line"],
"components": {
	"fields": ["COMPONENT_NO", "COMPONENT_NAME", "LAYER", "X_COORDINATE", "Y_COORDINATE", "ANGLE"],
	"rows": [
		[1, "ENC1", "T", 1015, 1030, 0],
		[2, "U1", "T", 760, 1955, 0],
		[3, "U2", "T", 1800, 1995, 0],
		[4, "U3", "T", 2660, 1990, 0],
		[5, "U4", "T", 3510, 1990, 0],
		[6, "U7", "T", 1815, 1150, 0],
		[7, "U8", "T", 2665, 1125, 0],
		[8, "U10", "T", 3500, 1130, 0],
		[9, "U11", "T", 1785, 310, 0],
		[10, "U12", "T", 2340, 275, 180],
		[11, "PAD1", "T", 916.58, 734.71, 0],
		[12, "PAD1", "B", 916.58, 734.71, 0],
		[13, "PAD2", "T", 1015.01, 734.71, 0],
		[14, "PAD2", "B", 1015.01, 734.71, 0],
		[15, "PAD3", "T", 1113.44, 734.71, 0],
		[16, "PAD3", "B", 1113.44, 734.71, 0],
		[17, "PAD4", "T", 916.58, 1305.58, 0],
		[18, "PAD4", "B", 916.58, 1305.58, 0],
		[19, "PAD5", "T", 1113.44, 1305.58, 0],
		[20, "PAD5", "B", 1113.44, 1305.58, 0],
		[21, "PAD6", "T", 1231.54, 1029.99, 0],
		[22, "PAD6", "B", 1231.54, 1029.99, 0],
		[23, "PAD7", "T", 798.48, 1029.99, 0],
		[24, "PAD7", "B", 798.48, 1029.99, 0],
		[25, "PAD8", "T", 425.36, 1655, 0],
		[26, "PAD9", "T", 425.36, 1755, 0],
		[27, "PAD10", "T", 425.36, 1855, 0],
		[28, "PAD11", "T", 425.36, 1955, 0],
		[29, "PAD12", "T", 425.36, 2055, 0],
		[30, "PAD13", "T", 425.36, 2155, 0],
		[31, "PAD14", "T", 425.36, 2255, 0],
		[32, "PAD15", "T", 1094.64, 1655, 0],
		[33, "PAD16", "T", 1094.64, 1755, 0],
		[34, "PAD17", "T", 1094.64, 1855, 0],
		[35, "PAD18", "T", 1094.64, 1955, 0],
		[36, "PAD19", "T", 1094.64, 2055, 0],
		[37, "PAD20", "T", 1094.64, 2155, 0],
		[38, "PAD21", "T", 1094.64, 2255, 0],
		[39, "PAD22", "T", 710, 1616.42, 0],
		[40, "PAD23", "T", 810, 1616.42, 0],
		[41, "PAD24", "T", 710, 2285.31, 0],
		[42, "PAD25", "T", 810, 2285.31, 0],
		[43, "PAD26", "T", 810, 2185.31, 0],
		[44, "PAD27", "T", 710, 2185.31, 0],
		[45, "PAD28", "T", 1650, 2095, 0],
		[46, "PAD28", "B", 1650, 2095, 0],
		[47, "PAD29", "T", 1900, 2195, 0],
		[48, "PAD29", "B", 1900, 2195, 0],
		[49, "PAD30", "T", 2510, 2090, 0],
		[50, "PAD30", "B", 2510, 2090, 0],
		[51, "PAD31", "T", 2760, 2190, 0],
		[52, "PAD31", "B", 2760, 2190, 0],
		[53, "PAD32", "T", 3360, 2090, 0],
		[54, "PAD32", "B", 3360, 2090, 0],
		[55, "PAD33", "T", 3610, 2190, 0],
		[56, "PAD33", "B", 3610, 2190, 0],
		[57, "PAD34", "T", 1665, 1250, 0],
		[58, "PAD34", "B", 1665, 1250, 0],
		[59, "PAD35", "T", 1915, 1350, 0],
		[60, "PAD35", "B", 1915, 1350, 0],
		[61, "PAD36", "T", 2515, 1225, 0],
		[62, "PAD36", "B", 2515, 1225, 0],
		[63, "PAD37", "T", 2765, 1325, 0],
		[64, "PAD37", "B", 2765, 1325, 0],
		[65, "PAD38", "T", 3350, 1230, 0],
		[66, "PAD38", "B", 3350, 1230, 0],
		[67, "PAD39", "T", 3600, 1330, 0],
		[68, "PAD39", "B", 3600, 1330, 0],
		[69, "PAD40", "T", 1635, 410, 0],
		[70, "PAD40", "B", 1635, 410, 0],
		[71, "PAD41", "T", 1885, 510, 0],
		[72, "PAD41", "B", 1885, 510, 0],
		[73, "PAD42", "T", 2340, 475, 0],
		[74, "PAD43", "T", 2340, 375, 0],
		[75, "PAD44", "T", 2340, 275, 0],
		[76, "PAD45", "T", 2340, 175, 0]
	]
},
"pins": {
	"fields": ["PIN_NO", "PIN_NAME", "PIN_X", "PIN_Y", "LAYER", "PIN_TYPE", "NET_NAME", "NET_TYPE", "PAD_SHAPE", "PAD_SIZEX", "PAD_SIZEY", "HOLE_SIZE", "HOLE_LEN", "PAD_ANGLE"],
	"rows": [
		[1, "ENC1_A", 916.58, 734.71, "T", "DIP", "6", "", "C", 78.74, 78.74, 51.182, 51.182, 0],
		[2, "ENC1_A", 916.58, 734.71, "B", "DIP", "6", "", "C", 78.74, 78.74, 51.182, 51.182, 0],
		[3, "ENC1_B", 1113.44, 734.71, "T", "DIP", "GND", "GND", "C", 78.74, 78.74, 51.182, 51.182, 0],
		[4, "ENC1_B", 1113.44, 734.71, "B", "DIP", "GND", "GND", "C", 78.74, 78.74, 51.182, 51.182, 0],
		[5, "ENC1_C", 1015.01, 734.71, "T", "DIP", "3", "", "C", 78.74, 78.74, 51.182, 51.182, 0],
		[6, "ENC1_C", 1015.01, 734.71, "B", "DIP", "3", "", "C", 78.74, 78.74, 51.182, 51.182, 0],
		[7, "ENC1_D", 916.58, 1305.58, "T", "DIP", "ENC1_D", "", "C", 78.74, 78.74, 51.182, 51.182, 0],
		[8, "ENC1_D", 916.58, 1305.58, "B", "DIP", "ENC1_D", "", "C", 78.74, 78.74, 51.182, 51.182, 0],
		[9, "ENC1_E", 1113.44, 1305.58, "T", "DIP", "ENC1_E", "", "C", 78.74, 78.74, 51.182, 51.182, 0],
		[10, "ENC1_E", 1113.44, 1305.58, "B", "DIP", "ENC1_E", "", "C", 78.74, 78.74, 51.182, 51.182, 0],
		[11, "ENC1_MP", 1231.54, 1029.99, "T", "DIP", "ENC1_MP", "", "O", 157.48, 90.551, 59.056, 118.11, 90],
		[12, "ENC1_MP", 1231.54, 1029.99, "B", "DIP", "ENC1_MP", "", "O", 157.48, 90.551, 59.056, 118.11, 90],
		[13, "ENC1_MP", 798.48, 1029.99, "T", "DIP", "ENC1_MP", "", "O", 157.48, 90.551, 59.056, 118.11, 90],
		[14, "ENC1_MP", 798.48, 1029.99, "B", "DIP", "ENC1_MP", "", "O", 157.48, 90.551, 59.056, 118.11, 90],
		[15, "U1_1", 425.36, 2255, "T", "SMD", "1", "", "R", 118.11, 78.74, 0, 0, 0],
		[16, "U1_2", 425.36, 2155, "T", "SMD", "2", "", "R", 118.11, 78.74, 0, 0, 0],
		[17, "U1_3", 425.36, 2055, "T", "SMD", "3", "", "R", 118.11, 78.74, 0, 0, 0],
		[18, "U1_4", 425.36, 1955, "T", "SMD", "4", "", "R", 118.11, 78.74, 0, 0, 0],
		[19, "U1_5", 425.36, 1855, "T", "SMD", "5", "", "R", 118.11, 78.74, 0, 0, 0],
		[20, "U1_6", 425.36, 1755, "T", "SMD", "6", "", "R", 118.11, 78.74, 0, 0, 0],
		[21, "U1_7", 425.36, 1655, "T", "SMD", "7", "", "R", 118.11, 78.74, 0, 0, 0],
		[22, "U1_8", 1094.64, 1655, "T", "SMD", "11", "", "R", 118.11, 78.74, 0, 0, 0],
		[23, "U1_9", 1094.64, 1755, "T", "SMD", "10", "", "R", 118.11, 78.74, 0, 0, 0],
		[24, "U1_10", 1094.64, 1855, "T", "SMD", "9", "", "R", 118.11, 78.74, 0, 0, 0],
		[25, "U1_11", 1094.64, 1955, "T", "SMD", "8", "", "R", 118.11, 78.74, 0, 0, 0],
		[26, "U1_12", 1094.64, 2055, "T", "SMD", "3.3V", "", "R", 118.11, 78.74, 0, 0, 0],
		[27, "U1_13", 1094.64, 2155, "T", "SMD", "GND", "GND", "R", 118.11, 78.74, 0, 0, 0],
		[28, "U1_14", 1094.64, 2255, "T", "SMD", "U1_14", "", "R", 118.11, 78.74, 0, 0, 0],
		[29, "U1_15", 710, 2285.31, "T", "SMD", "U1_15", "", "P", 59.06, 59.05, 0, 0, 0],
		[30, "U1_16", 810, 2285.31, "T", "SMD", "U1_16", "", "P", 59.06, 59.05, 0, 0, 0],
		[31, "U1_17", 710, 2185.31, "T", "SMD", "U1_17", "", "P", 59.06, 59.05, 0, 0, 0],
		[32, "U1_18", 810, 2185.31, "T", "SMD", "U1_18", "", "P", 59.06, 59.05, 0, 0, 0],
		[33, "U1_19", 710, 1616.42, "T", "SMD", "U1_19", "", "R", 90.55, 51.18, 0, 0, 90],
		[34, "U1_20", 810, 1616.42, "T", "SMD", "U1_20", "", "R", 90.55, 51.18, 0, 0, 90],
		[35, "U2_1", 1900, 2195, "T", "DIP", "1", "", "C", 86.61, 86.61, 59.06, 59.07, 0],
		[36, "U2_1", 1900, 2195, "B", "DIP", "1", "", "C", 86.61, 86.61, 59.06, 59.07, 0],
		[37, "U2_2", 1650, 2095, "T", "DIP", "3.3V", "", "C", 86.61, 86.61, 59.06, 59.07, 0],
		[38, "U2_2", 1650, 2095, "B", "DIP", "3.3V", "", "C", 86.61, 86.61, 59.06, 59.07, 0],
		[39, "U3_1", 2760, 2190, "T", "DIP", "1", "", "C", 86.61, 86.61, 59.06, 59.07, 0],
		[40, "U3_1", 2760, 2190, "B", "DIP", "1", "", "C", 86.61, 86.61, 59.06, 59.07, 0],
		[41, "U3_2", 2510, 2090, "T", "DIP", "3.3V", "", "C", 86.61, 86.61, 59.06, 59.07, 0],
		[42, "U3_2", 2510, 2090, "B", "DIP", "3.3V", "", "C", 86.61, 86.61, 59.06, 59.07, 0],
		[43, "U4_1", 3610, 2190, "T", "DIP", "2", "", "C", 86.61, 86.61, 59.06, 59.07, 0],
		[44, "U4_1", 3610, 2190, "B", "DIP", "2", "", "C", 86.61, 86.61, 59.06, 59.07, 0],
		[45, "U4_2", 3360, 2090, "T", "DIP", "3.3V", "", "C", 86.61, 86.61, 59.06, 59.07, 0],
		[46, "U4_2", 3360, 2090, "B", "DIP", "3.3V", "", "C", 86.61, 86.61, 59.06, 59.07, 0],
		[47, "U7_1", 1915, 1350, "T", "DIP", "5", "", "C", 86.61, 86.61, 59.06, 59.07, 0],
		[48, "U7_1", 1915, 1350, "B", "DIP", "5", "", "C", 86.61, 86.61, 59.06, 59.07, 0],
		[49, "U7_2", 1665, 1250, "T", "DIP", "3.3V", "", "C", 86.61, 86.61, 59.06, 59.07, 0],
		[50, "U7_2", 1665, 1250, "B", "DIP", "3.3V", "", "C", 86.61, 86.61, 59.06, 59.07, 0],
		[51, "U8_1", 2765, 1325, "T", "DIP", "4", "", "C", 86.61, 86.61, 59.06, 59.07, 0],
		[52, "U8_1", 2765, 1325, "B", "DIP", "4", "", "C", 86.61, 86.61, 59.06, 59.07, 0],
		[53, "U8_2", 2515, 1225, "T", "DIP", "3.3V", "", "C", 86.61, 86.61, 59.06, 59.07, 0],
		[54, "U8_2", 2515, 1225, "B", "DIP", "3.3V", "", "C", 86.61, 86.61, 59.06, 59.07, 0],
		[55, "U10_1", 3600, 1330, "T", "DIP", "8", "", "C", 86.61, 86.61, 59.06, 59.07, 0],
		[56, "U10_1", 3600, 1330, "B", "DIP", "8", "", "C", 86.61, 86.61, 59.06, 59.07, 0],
		[57, "U10_2", 3350, 1230, "T", "DIP", "3.3V", "", "C", 86.61, 86.61, 59.06, 59.07, 0],
		[58, "U10_2", 3350, 1230, "B", "DIP", "3.3V", "", "C", 86.61, 86.61, 59.06, 59.07, 0],
		[59, "U11_1", 1885, 510, "T", "DIP", "7", "", "C", 86.61, 86.61, 59.06, 59.07, 0],
		[60, "U11_1", 1885, 510, "B", "DIP", "7", "", "C", 86.61, 86.61, 59.06, 59.07, 0],
		[61, "U11_2", 1635, 410, "T", "DIP", "3.3V", "", "C", 86.61, 86.61, 59.06, 59.07, 0],
		[62, "U11_2", 1635, 410, "B", "DIP", "3.3V", "", "C", 86.61, 86.61, 59.06, 59.07, 0],
		[63, "U12_1", 2340, 475, "T", "SMD", "U12_1", "", "O", 118.11, 60, 0, 0, 180],
		[64, "U12_2", 2340, 375, "T", "SMD", "U12_2", "", "O", 118.11, 60, 0, 0, 180],
		[65, "U12_3", 2340, 275, "T", "SMD", "3.3V", "", "O", 118.11, 60, 0, 0, 180],
		[66, "U12_4", 2340, 175, "T", "SMD", "U12_4", "", "O", 118.11, 60, 0, 0, 180],
		[67, "PAD1_A", 916.58, 734.71, "T", "DIP", "6", "", "C", 78.74, 78.74, 51.182, 51.182, 0],
		[68, "PAD1_A", 916.58, 734.71, "B", "DIP", "6", "", "C", 78.74, 78.74, 51.182, 51.182, 0],
		[69, "PAD2_C", 1015.01, 734.71, "T", "DIP", "3", "", "C", 78.74, 78.74, 51.182, 51.182, 0],
		[70, "PAD2_C", 1015.01, 734.71, "B", "DIP", "3", "", "C", 78.74, 78.74, 51.182, 51.182, 0],
		[71, "PAD3_B", 1113.44, 734.71, "T", "DIP", "GND", "GND", "C", 78.74, 78.74, 51.182, 51.182, 0],
		[72, "PAD3_B", 1113.44, 734.71, "B", "DIP", "GND", "GND", "C", 78.74, 78.74, 51.182, 51.182, 0],
		[73, "PAD4_D", 916.58, 1305.58, "T", "DIP", "ENC1_D", "", "C", 78.74, 78.74, 51.182, 51.182, 0],
		[74, "PAD4_D", 916.58, 1305.58, "B", "DIP", "ENC1_D", "", "C", 78.74, 78.74, 51.182, 51.182, 0],
		[75, "PAD5_E", 1113.44, 1305.58, "T", "DIP", "ENC1_E", "", "C", 78.74, 78.74, 51.182, 51.182, 0],
		[76, "PAD5_E", 1113.44, 1305.58, "B", "DIP", "ENC1_E", "", "C", 78.74, 78.74, 51.182, 51.182, 0],
		[77, "PAD6_MP", 1231.54, 1029.99, "T", "DIP", "ENC1_MP", "", "O", 157.48, 90.551, 59.056, 118.11, 90],
		[78, "PAD6_MP", 1231.54, 1029.99, "B", "DIP", "ENC1_MP", "", "O", 157.48, 90.551, 59.056, 118.11, 90],
		[79, "PAD7_MP", 798.48, 1029.99, "T", "DIP", "ENC1_MP", "", "O", 157.48, 90.551, 59.056, 118.11, 90],
		[80, "PAD7_MP", 798.48, 1029.99, "B", "DIP", "ENC1_MP", "", "O", 157.48, 90.551, 59.056, 118.11, 90],
		[81, "PAD8_7", 425.36, 1655, "T", "SMD", "7", "", "R", 118.11, 78.74, 0, 0, 0],
		[82, "PAD9_6", 425.36, 1755, "T", "SMD", "6", "", "R", 118.11, 78.74, 0, 0, 0],
		[83, "PAD10_5", 425.36, 1855, "T", "SMD", "5", "", "R", 118.11, 78.74, 0, 0, 0],
		[84, "PAD11_4", 425.36, 1955, "T", "SMD", "4", "", "R", 118.11, 78.74, 0, 0, 0],
		[85, "PAD12_3", 425.36, 2055, "T", "SMD", "3", "", "R", 118.11, 78.74, 0, 0, 0],
		[86, "PAD13_2", 425.36, 2155, "T", "SMD", "2", "", "R", 118.11, 78.74, 0, 0, 0],
		[87, "PAD14_1", 425.36, 2255, "T", "SMD", "1", "", "R", 118.11, 78.74, 0, 0, 0],
		[88, "PAD15_8", 1094.64, 1655, "T", "SMD", "11", "", "R", 118.11, 78.74, 0, 0, 0],
		[89, "PAD16_9", 1094.64, 1755, "T", "SMD", "10", "", "R", 118.11, 78.74, 0, 0, 0],
		[90, "PAD17_10", 1094.64, 1855, "T", "SMD", "9", "", "R", 118.11, 78.74, 0, 0, 0],
		[91, "PAD18_11", 1094.64, 1955, "T", "SMD", "8", "", "R", 118.11, 78.74, 0, 0, 0],
		[92, "PAD19_12", 1094.64, 2055, "T", "SMD", "3.3V", "", "R", 118.11, 78.74, 0, 0, 0],
		[93, "PAD20_13", 1094.64, 2155, "T", "SMD", "GND", "GND", "R", 118.11, 78.74, 0, 0, 0],
		[94, "PAD21_14", 1094.64, 2255, "T", "SMD", "U1_14", "", "R", 118.11, 78.74, 0, 0, 0],
		[95, "PAD22_19", 710, 1616.42, "T", "SMD", "U1_19", "", "R", 90.55, 51.18, 0, 0, 90],
		[96, "PAD23_20", 810, 1616.42, "T", "SMD", "U1_20", "", "R", 90.55, 51.18, 0, 0, 90],
		[97, "PAD24_15", 710, 2285.31, "T", "SMD", "U1_15", "", "P", 59.06, 59.05, 0, 0, 0],
		[98, "PAD25_16", 810, 2285.31, "T", "SMD", "U1_16", "", "P", 59.06, 59.05, 0, 0, 0],
		[99, "PAD26_18", 810, 2185.31, "T", "SMD", "U1_18", "", "P", 59.06, 59.05, 0, 0, 0],
		[100, "PAD27_17", 710, 2185.31, "T", "SMD", "U1_17", "", "P", 59.06, 59.05, 0, 0, 0],
		[101, "PAD28_2", 1650, 2095, "T", "DIP", "3.3V", "", "C", 86.61, 86.61, 59.06, 59.07, 0],
		[102, "PAD28_2", 1650, 2095, "B", "DIP", "3.3V", "", "C", 86.61, 86.61, 59.06, 59.07, 0],
		[103, "PAD29_1", 1900, 2195, "T", "DIP", "1", "", "C", 86.61, 86.61, 59.06, 59.07, 0],
		[104, "PAD29_1", 1900, 2195, "B", "DIP", "1", "", "C", 86.61, 86.61, 59.06, 59.07, 0],
		[105, "PAD30_2", 2510, 2090, "T", "DIP", "3.3V", "", "C", 86.61, 86.61, 59.06, 59.07, 0],
		[106, "PAD30_2", 2510, 2090, "B", "DIP", "3.3V", "", "C", 86.61, 86.61, 59.06, 59.07, 0],
		[107, "PAD31_1", 2760, 2190, "T", "DIP", "1", "", "C", 86.61, 86.61, 59.06, 59.07, 0],
		[108, "PAD31_1", 2760, 2190, "B", "DIP", "1", "", "C", 86.61, 86.61, 59.06, 59.07, 0],
		[109, "PAD32_2", 3360, 2090, "T", "DIP", "3.3V", "", "C", 86.61, 86.61, 59.06, 59.07, 0],
		[110, "PAD32_2", 3360, 2090, "B", "DIP", "3.3V", "", "C", 86.61, 86.61, 59.06, 59.07, 0],
		[111, "PAD33_1", 3610, 2190, "T", "DIP", "2", "", "C", 86.61, 86.61, 59.06, 59.07, 0],
		[112, "PAD33_1", 3610, 2190, "B", "DIP", "2", "", "C", 86.61, 86.61, 59.06, 59.07, 0],
		[113, "PAD34_2", 1665, 1250, "T", "DIP", "3.3V", "", "C", 86.61, 86.61, 59.06, 59.07, 0],
		[114, "PAD34_2", 1665, 1250, "B", "DIP", "3.3V", "", "C", 86.61, 86.61, 59.06, 59.07, 0],
		[115, "PAD35_1", 1915, 1350, "T", "DIP", "5", "", "C", 86.61, 86.61, 59.06, 59.07, 0],
		[116, "PAD35_1", 1915, 1350, "B", "DIP", "5", "", "C", 86.61, 86.61, 59.06, 59.07, 0],
		[117, "PAD36_2", 2515, 1225, "T", "DIP", "3.3V", "", "C", 86.61, 86.61, 59.06, 59.07, 0],
		[118, "PAD36_2", 2515, 1225, "B", "DIP", "3.3V", "", "C", 86.61, 86.61, 59.06, 59.07, 0],
		[119, "PAD37_1", 2765, 1325, "T", "DIP", "4", "", "C", 86.61, 86.61, 59.06, 59.07, 0],
		[120, "PAD37_1", 2765, 1325, "B", "DIP", "4", "", "C", 86.61, 86.61, 59.06, 59.07, 0],
		[121, "PAD38_2", 3350, 1230, "T", "DIP", "3.3V", "", "C", 86.61, 86.61, 59.06, 59.07, 0],
		[122, "PAD38_2", 3350, 1230, "B", "DIP", "3.3V", "", "C", 86.61, 86.61, 59.06, 59.07, 0],
		[123, "PAD39_1", 3600, 1330, "T", "DIP", "8", "", "C", 86.61, 86.61, 59.06, 59.07, 0],
		[124, "PAD39_1", 3600, 1330, "B", "DIP", "8", "", "C", 86.61, 86.61, 59.06, 59.07, 0],
		[125, "PAD40_2", 1635, 410, "T", "DIP", "3.3V", "", "C", 86.61, 86.61, 59.06, 59.07, 0],
		[126, "PAD40_2", 1635, 410, "B", "DIP", "3.3V", "", "C", 86.61, 86.61, 59.06, 59.07, 0],
		[127, "PAD41_1", 1885, 510, "T", "DIP", "7", "", "C", 86.61, 86.61, 59.06, 59.07, 0],
		[128, "PAD41_1", 1885, 510, "B", "DIP", "7", "", "C", 86.61, 86.61, 59.06, 59.07, 0],
		[129, "PAD42_1", 2340, 475, "T", "SMD", "U12_1", "", "O", 118.11, 60, 0, 0, 180],
		[130, "PAD43_2", 2340, 375, "T", "SMD", "U12_2", "", "O", 118.11, 60, 0, 0, 180],
		[131, "PAD44_3", 2340, 275, "T", "SMD", "3.3V", "", "O", 118.11, 60, 0, 0, 180],
		[132, "PAD45_4", 2340, 175, "T", "SMD", "U12_4", "", "O", 118.11, 60, 0, 0, 180]
	]
}
}